<?xml version="1.0" encoding="UTF-8"?>
<root BTCPP_format="4">
  <BehaviorTree ID="space-simulator">
    <ReactiveFallback>
      <IsTargetClear/>
      <ReactiveSequence>
        <ReactiveFallback>
          <IsNearbyTarget/>
          <MoveToTarget/>
        </ReactiveFallback>
        <KillTarget/>
      </ReactiveSequence>
    </ReactiveFallback>
  </BehaviorTree>

  <!-- Description of Node Models (used by Groot) -->
  <TreeNodesModel>
    <Condition ID="IsNearbyTarget"
               editable="true"/>
    <Condition ID="IsTargetClear"
               editable="true"/>
    <Action ID="KillTarget"
            editable="true"/>
    <Action ID="MoveToTarget"
            editable="true"/>
  </TreeNodesModel>

</root>
